"id_config","id_variable","tipo_variable","clave","valor","descripcion","tipo_valor","items","dependent_clave","dependent_valor","editable","co_operation","da_update"
1,1,"G","notificationsOrder","false","<p align=""justify""><b>¿Desea recibir notificaciones por correo de pedidos realizados por la app móvil? </b><br> SI: Envía el correo notificación <br> NO: No se envía el correo de notificación</p>","selectBoolean","","","",True,"I","2026-06-12 13:20:01.93454"
2,2,"G","notificationsCollection","false","<p align=""justify""><b>¿Desea recibir notificaciones por correo de cobros realizados por la app móvil? </b><br> SI: Envía el correo notificación <br> NO: No se envía el correo de notificación</p>","selectBoolean","","","",True,"I","2026-06-12 13:20:01.93454"
3,3,"G","notificationsDeposit","false","<p align=""justify""><b>Desea recibir notificaciones por correo de depósitos realizados por la app móvil?  </b><br> SI: Envía el correo notificación <br> NO: No se envía el correo de notificación</p>","selectBoolean","","","",True,"I","2026-06-12 13:20:01.93454"
4,4,"G","notificationsReturn","false","<p align=""justify""><b>¿Desea recibir notificaciones por correo de devoluciones realizadas por la app móvil? </b><br> SI: Envía el correo notificación <br> NO: No se envía el correo de notificación</p>","selectBoolean","","","",True,"I","2026-06-12 13:20:01.93454"
5,5,"G","notificationsPotentialClient","false","<p align=""justify""><b>¿Desea recibir notificaciones por correo sobre clientes potenciales?  </b><br> SI: Envía el correo notificación <br> NO: No se envía el correo de notificación</p>","selectBoolean","","","",True,"I","2026-06-12 13:20:01.93454"
6,6,"G","notificationsClientStock","false","<p align=""justify""><b>¿Desea recibir notificaciones por correo de existencia de productos en el cliente?  </b><br> SI: Envía el correo notificación <br> NO: No se envía el correo de notificación</p>","selectBoolean","","","",True,"I","2026-06-12 13:20:01.93454"
7,7,"G","userMustActivateGPS","true","<p align=""""justify""""><b>¿Deben los usuarios activar la Geolocalización para hacer cualquier transacción? </b><br> SI: Deben activar la geolocalizacion para poder realizar transacciones <br> NO: No es obligatorio la geolocalizacion para realizar transacciones</p>","selectBoolean","","","",True,"I","2026-02-12 17:08:49.54035"
8,8,"G","userCanSaveGPS","true","<p align=""""justify""""><b>¿Pueden los usuarios capturar las coordenadas de las sucursales? </b><br> SI: Permite que los usuarios tomen las coordenas de las sucursales en las visitas<br> NO: No permite al usuario tomar las coordenadas de las sucursales</p>","selectBoolean","","","",True,"I","2025-10-13 09:35:54.40756"
9,9,"G","enterpriseEnabled","false","<p align=""justify""><b>¿Desea habilitar el campo de empresa en todo los módulos de la aplicación? </b><br> SI: Se habilitará el campo de empresa en todos los módulos <br> NO: No se habilita el campo de empresa en los módulos</p>","selectBoolean","","","",True,"I","2026-02-12 17:08:49.54035"
10,10,"G","multiCurrency","true","<p align=""justify""><b>¿Realizan transacciones con diferentes monedas? </b><br> Para modificar esta opción debe contactar con el administrador</p>","selectBoolean","","","",True,"I","2025-10-13 09:35:54.40756"
11,12,"G","parteElntera","15","<p align=""justify""><b>Indique ¿cuántos dígitos debe tener la parte entera? </b><br> Colocar la cantidad de números enteros a mostrar, la cantidad máxima es de quince (15)</p>","integer","13,15","","",False,"I","2025-10-13 09:35:54.40756"
12,13,"G","parteDecimal","4","<p align=""justify""><b>Indique ¿cuántos dígitos decimales desea mostrar? </b><br> Indicar la cantidad de decimales a mostrar, la cantidad máxima es de cuatro (4)</p>","integer","1,4","","",True,"I","2026-04-28 18:30:34.969232"
13,14,"G","tagRif","RIF","<p align=""justify""><b>¿Qué nomenclatura usa para el RIF? </b><br> Indique la nomenclatura que se mostrara, por ejemplo “RIF”</p>","text","","","",True,"I","2025-10-13 09:35:54.40756"
14,15,"G","tagIVA","IVA","<p align=""justify""><b>¿Qué nomenclatura usa para referirse a su impuesto? </b><br> Indique la nomenclatura del impuesto, por ejemplo “IVA”</p>","text","","","",True,"I","2025-10-13 09:35:54.40756"
15,16,"G","longitudComentario","200","<p align=""justify""><b>¿Cúal es el máximo número de caracteres permitidos para los comentarios? </b><br> El número ingresado será la cantidad máxima permitida en los campos de comentarios en la app móvil</p>","integer","120,500","","",True,"I","2026-06-05 13:59:03.307251"
16,17,"G","quPageProduct","150","<p align=""justify""><b>Paginacion por numero de productos</p>","integer","20,100","","",False,"I","2025-10-13 09:35:54.40756"
17,18,"G","showCamera","true","<p align=""justify""><b>¿Desea tomar fotos desde la aplicación para adjuntarlas en las transacciones?</b></b><br> SI: Se podrán tomar fotos desde la app <br> NO: No se podrá tomar fotos</p></p>","selectBoolean","","","",True,"I","2025-10-13 09:35:54.40756"
18,19,"G","userCanUploadFiles","true","<p align=""justify""><b>¿Desea que los vendedores adjuntar documentos en las transacciones? </b><br> SI: Se habilitará la opción de adjuntar documentos <br> NO: No se habilitará la opción de adjuntar documentos </p>","selectBoolean","","","",True,"I","2025-10-13 09:35:54.40756"
19,20,"G","quAttach","25","<p align=""justify""><b>Cantidad Máxima de adjuntos por transacción</p>","integer","5,50","","",False,"I","2025-10-13 09:35:54.40756"
20,21,"G","emailWithAttach","true","<p align=""justify""><b>¿Desea recibir un correo con los adjuntos en las transacciones?</b><br> SI: Se enviará un segundo correo con los archivos adjuntos<BR> NO: No se enviará correo con adjuntos</p>","selectBoolean","","","",True,"I","2025-10-17 13:13:55.691642"
21,22,"G","multiInvoices","false","<p align=""justify""><b>¿Se pueden devolver productos de diferentes facturas en una misma devolución?</b></b><br> SI: Se podrán agregar productos de múltiples facturas en la devolución <br> NO: No se podrán agregar productos de múltiples facturas en la devolución</p></p>","selectBoolean","","","",True,"I","2026-04-28 18:31:44.809237"
22,23,"G","requeridedNroFactura","true","<p align=""justify""><b>¿Desea que el número de factura sea requerido en las devoluciones? </b></b><br> SI: El campo será obligatorio <br> NO: El campo no será obligatorio</p>","selectBoolean","","multiInvoices","false",True,"I","2026-03-19 13:43:14.328282"
23,24,"G","validateReturn","true","<p align=""justify""><b>¿Desean validar que el producto devuelto exista en una factura enviada?</b></b><br> SI: Se validará que el producto devuelto exista en una factura enviada <br> NO: No se valida el producto devuelto</p></p>","selectBoolean","","requeridedNroFactura","true",True,"I","2026-03-19 13:43:30.028411"
24,25,"G","mesesFacturas","3","<p align=""justify""><b>Indique ¿cuántos meses anteriores desea validar las facturas en la devolución? </b><br> SI: Se descargarán las facturas anteriores <br> NO: No se descargan las facturas</p>","integer","1,6","validateReturn","true",True,"I","2025-10-13 09:35:54.40756"
25,26,"G","clientStock","true","<p align=""justify""><b>¿Desea que los vendedores realicen toma de inventario de los productos en el cliente? </b><br> SI: Se habilitarà un mòdulo para realizar la toma de inventario <br> NO: No se habilita el modulo de toma de inventario</p>","selectBoolean","","","",True,"I","2025-10-13 09:35:54.40756"
26,27,"G","requireClientStock","false","<p align=""justify""><b>¿Desea que sea requerida hacer la toma de inventario en el cliente antes de poder realizar algún pedido? </b><br> SI: Se debe hacer la toma de inventario para poder realizar algún pedido <br> NO: No es necesaria la toma de inventario para relizar pedidos</p>","selectBoolean","","clientStock","true",True,"I","2025-10-13 09:35:54.40756"
27,28,"G","expirationBatch","true","<p align=""justify""><b>¿Desea que los vendedores ingresen fecha de expiracion y numero de lote en la toma de inventario de los productos en el cliente? </b><br> SI: Se habilitaràn campos de fecha de expiraciòn y número de lote <br> NO: No se habilitán los campos de fecha de expiración y número de lote </p>","selectBoolean","","clientStock","true",True,"I","2026-04-28 18:40:27.929288"
28,29,"G","signatureVisit","true","<p align=""justify""><b>¿Desea habilitar la firma en el mòdulo de visitas?</b></b><br> SI: Se podrá firmar en el módulo de visitas <br> NO: No se podrá firmar en el módulo de visitas </p></p>","selectBoolean","","","",True,"I","2025-10-13 09:35:54.40756"
29,30,"G","signatureOrder","true","<p align=""justify""><b>¿Desea habilitar la firma en el mòdulo de pedidos?</b></b><br> SI: Se podrá firmar en el módulo de pedidos <br> NO: No se podrá firmar en el módulo de pedidos </p></p>","selectBoolean","","","",True,"I","2025-10-13 09:35:54.40756"
30,31,"G","signatureCollection","true","<p align=""justify""><b>¿Desea habilitar la firma en el mòdulo de cobros?</b></b><br> SI: Se podrá firmar en el módulo de cobros <br> NO: No se podrá firmar en el módulo de cobros </p></p>","selectBoolean","","","",True,"I","2025-10-13 09:35:54.40756"
31,32,"G","signatureDeposit","true","<p align=""justify""><b>¿Desea habilitar la firma en el mòdulo de depósitos?</b></b><br> SI: Se podrá firmar en el módulo de depósitos <br> NO: No se podrá firmar en el módulo de depósitos </p></p>","selectBoolean","","","",True,"I","2025-10-13 09:35:54.40756"
32,33,"G","signatureStock","true","<p align=""justify""><b>¿Desea habilitar la firma en el mòdulo de inventarios?</b></b><br> SI: Se podrá firmar en el módulo de inventarios <br> NO: No se podrá firmar en el módulo de inventarios </p></p>","selectBoolean","","","",True,"I","2026-03-25 17:49:17.090152"
33,34,"G","signatureReturn","true","<p align=""justify""><b>¿Desea habilitar la firma en el mòdulo de devoluciones?</b></b><br> SI: Se podrá firmar en el módulo de devoluciones <br> NO: No se podrá firmar en el módulo de devoluciones </p></p>","selectBoolean","","","",True,"I","2025-10-13 09:35:54.40756"
34,35,"G","signatureClient","true","<p align=""justify""><b>¿Desea habilitar la firma en el mòdulo de clientes potenciales?</b></b><br> SI: Se podrá firmar en el módulo de clientes potenciales <br> NO: No se podrá firmar en el módulo de clientes potenciales </p></p>","selectBoolean","","","",True,"I","2025-10-13 09:35:54.40756"
35,36,"G","checkAddressClient","true","<p align=""""justify""""><b>¿Desea confirmar el cambio de sucursal en las transacciones?</b><br> SI: Se mostrará una ventana de confirmación al cambiar de sucursal<BR> NO: No se muestra ventana de confirmación</p>","selectBoolean","","","",True,"I","2026-04-28 18:40:27.929288"
36,37,"G","logoClient","false","<p align=""""justify""""><b>¿Desea mostrar logo propio de la empresa en la applicación móvil?</b><br> SI: Se mostrará logo del cliente<BR> NO: No se muestra logo del cliente</p>","selectBoolean","","","",False,"I","2025-10-13 09:35:54.40756"
37,38,"G","visitRout","true","<p align=""""justify""""><b>¿Desea visualizar las rutas planificadas en el modulo de visitas?</b><br> SI: Se mostrará las rutas en el mapa<BR> NO: Solo se mostrará la localización de la transacción</p>","selectBoolean","","","",False,"I","2025-10-13 09:35:54.40756"
38,11,"G","infoVendedores","true","<p align=""justify""><b>¿Maneja usted el módulo de vendedores desde el sistema administrativo?</b></b><br> SI: Debe generar el archivo ""USER_INFORMATION"" con la información de los vendedores <br> NO: Se generará automaticamente el módulo en la app móvil con la información de Denario</p></p>","selectBoolean","","","",True,"I","2026-02-12 17:08:49.54035"
39,39,"G","promoterRole","true","<p align=""justify""><b>¿Manejan el rol promotor?</b></b><br> SI: Podrán crear usuarios con el rol Promotor <br> NO: No se habilita el rol Promotor</p></p>","selectBoolean","","","",True,"I","2026-04-28 18:40:27.929288"
40,1,"P","multiCurrencyOrder","false","<p align=""justify""><b>¿Desea que los vendedores puedan elegir la moneda de la transacción en Pedidos? </b><br> SI: Se mostrará un selector con las monedas <br> NO: Solo se mostrará la moneda por defecto de la empresa</p>","selectBoolean","","","",True,"I","2026-03-19 14:05:58.758602"
41,2,"P","userCanChangePriceList","false","<p align=""justify""><b>¿Pueden los vendedores cambiar las listas de precio? </b><br> SI: Permite al usuario cambiar la lista de precio <br> NO: No permite al usuario cambiar la lista de precio</p>","selectBoolean","","","",True,"I","2026-02-12 17:03:39.165679"
42,3,"P","priceListByZone","false","<p align=""justify""><b>¿Maneja lista de precio por zonas de ventas? </b><br> SI: Debe generar el archivo “price_list_zone” donde se asocia la lista de precio a los usuarios  <br> NO: No debe generar el archivo “price_list_zone”</p>","selectBoolean","","","",False,"I","2026-01-23 11:17:01.165714"
43,4,"P","conversionByPriceList","false","<p align=""justify""><b>¿Desea cargar listas de precio según la moneda seleccionada? </b><br> SI: Se cargan la listas de precio según la moneda seleccionada <br> NO: No se cargan las listas de precio según la moneda</p>","selectBoolean","","","",True,"I","2026-01-15 15:54:29.024688"
44,5,"P","hideProdWithoutPrice","false","<p align=""justify""><b>¿Desea mostrar los productos que no tengan lista de precio asignada? </b><br> SI: Muestra los productos que no tengan lista de precio asignada <br> NO: No muestra los productos que no tengan lista de precio asignada</p>","selectBoolean","","","",True,"I","2026-03-19 14:05:58.758602"
45,6,"P","showStock","true","<p align=""justify""><b>¿Desean que se muestre el inventario de los productos en el pedido? </b><br> SI: Mostrará el inventario de los productos <br> NO: No muestra el inventario de los productos</p>","selectBoolean","","","",True,"I","2025-10-13 09:35:54.40756"
46,7,"P","stock0","false","<p align=""justify""><b>¿Permite tomar pedidos a productos con inventario cero (0)? </b><br> SI: Los productos con inventario en cero (0) pueden agregarse en el pedido <br> NO: No permite cargar productos con inventario en cero (0)</p>","selectBoolean","","","",True,"I","2026-03-19 14:05:58.758602"
47,8,"P","validStock","true","<p align=""justify""><b>¿Validar el inventario mostrando un mensaje de alerta cuando se va cargar un producto sin inventario? </b><br> SI: Muestra un mensaje de alerta <br> NO: NO muestra mensaje de alerta</p>","selectBoolean","","","",True,"I","2026-05-12 14:39:20.308192"
48,9,"P","validateWarehouses","true","<p align=""justify""><b>¿Desea visualizar los almacenes y el inventario en la toma de pedido?</b><br> SI: Se mostrará el inventario de cada almacen<BR> NO: No se mostrará ni el inventario ni los almacenes</p>","selectBoolean","","","",True,"I","2026-03-19 17:09:14.452187"
49,10,"P","userCanChangeWarehouse","false","<p align=""justify""><b>¿Puede el vendedor cambiar el almacén? </b><br> SI: El usuario podrá cambiar el almacen al seleccionar los productos <br> NO: El usuario no puede cambiar el almacen</p>","selectBoolean","","","",True,"I","2026-02-12 17:03:39.165679"
50,11,"P","userCanSelectGlobalDiscount","false","<p align=""justify""><b>¿Puede el vendedor asignar descuento global en el pedido? </b><br> SI: Se habilita un campo para asignar descuento global creado desde la web para la app móvil <br> NO: No se habilita el campo descuento global</p>","selectBoolean","","","",True,"I","2026-03-19 14:05:58.758602"
51,12,"P","userCanSelectProductDiscount","false","<p align=""justify""><b>¿Puede el vendedor asignar descuento por producto en el pedido? </b><br> SI: Permite que el vendedor pueda cambiar el descuento por producto  <br> NO: El vendedor no puede editar el descuento por producto</p>","selectBoolean","","","",True,"I","2026-03-16 20:17:26.868885"
52,13,"P","userCanSelectIVA","false","<p align=""justify""><b>¿Desean mostrar el IVA en el pedido? </b><br> SI: Se mostrará el campo de ""IVA"" <br> NO: No se muestra el campo de ""IVA""</p>","selectBoolean","","","",True,"I","2026-06-10 09:51:25.221549"
53,14,"P","showTotalization","true","<p align=""justify""><b>¿Desea visualizar los totales por separado en el reporte de pedidos?</b><br> SI: Se mostrará los totales separados<BR> NO: Solo se mostrará el monto total</p>","selectBoolean","","","",True,"I","2025-10-13 09:35:54.40756"
54,15,"P","totalUnit","false","<p align=""justify""><b>¿Desea ver la cantidad de unidades seleccionadas en la totalización de los pedidos? </b><br> SI: Se habilita un campo para mostrar el total de unidades <br> NO: no se habilita el campo</p>","selectBoolean","","","",True,"I","2026-04-28 19:01:55.683667"
55,16,"P","showTransactionCurrency","true","<p align=""justify""><b>¿Desea visualizar solamente la moneda de la transacción?</b><br> SI: Se mostrará solamente la moneda de la transacción<BR> NO: Se mostrará ambas monedas</p>","selectBoolean","","","",True,"I","2026-04-28 19:01:55.683667"
56,17,"P","showTotalProductUnit","false","<p align=""justify""><b>¿Desea visualizar totalizacion por unidad?</b><br> SI: Se mostrará totalización por unidad seleccionada<BR> NO: No se totaliza por unidad</p>","selectBoolean","","","",False,"I","2026-02-12 13:54:51.615621"
57,18,"P","codeTotalProductUnit","BUL","<p align=""justify""><b>Seleccione la unidad a totalizar</b></p>","selectText","Unit1,Unit2","","",True,"I","2026-03-19 14:05:58.758602"
58,19,"P","clientsOrderBy","co_client","<p align=""justify""><b>¿Qué campo desea usar para ordenar la lista de clientes? </b><br> ""co_client"" para ordenar los clientes por código <br> ""na_client"" para ordenar los clientes por nombre <br> ""due_date"" para ordernar los clientes que mayor deuda vencida poseen</p>","selectText","co_client,na_client,due_date","","",True,"I","2026-04-29 17:18:47.901675"
59,20,"P","showProductImages","true","<p align=""justify""><b>¿Desea cargar imágenes en su catálogo de productos? </b><br> SI: Contactar al soporte para indicar la ruta y el formato de las imágenes <br> NO: No se muestran imágenes de los productos</p>","selectBoolean","","","",True,"I","2025-10-13 09:35:54.40756"
60,21,"P","groupByTotalByLines","false","<p align=""justify""><b>¿Visualiza el cierre de pedido por estructura de productos? </b><br> SI: En la pestaña ""Total"" se visualizarán los productos por estructura <br> NO: Solo se visualizarán los productos seleccionados sin estructura</p>","selectBoolean","","","",False,"I","2025-10-13 09:35:54.40756"
61,22,"P","nameProductLine","DESTACADOS","<p align=""justify""><b>¿Desea utilizar una línea de producto destacado para indicar los productos limitados por la cantidad mínima de venta y su múltiplo </b><br> SI: Colocar el nombre de la estructura de destacados y generar el archivo ""PRODUCT_MIN_MUL_FAV"" <BR> NO: Dejar el campo vacío</p>","text","","","",True,"I","2025-10-13 09:35:54.40756"
62,23,"P","userCanSelectChannel","false","<p align=""justify""><b>¿Desea que el usuario seleccione el Canal de distribución para filtrar los clientes?</b><br> SI: Se mostrará un selector de Canal de Distribución<BR> NO: No se mostrará selector de Canal de Distribución</p>","selectBoolean","","","",True,"I","2025-10-13 09:35:54.40756"
63,24,"P","userCanChangePaymentConditions","false","<p align=""justify""><b>¿Pueden los vendedores cambiar la condición de pago del cliente en el pedido? </b><br> SI: El usuario puede cambiar las condiciones de pago <br> NO: No se puede cambiar las condiciones de pago</p>","selectBoolean","","","",True,"I","2026-04-28 19:08:16.699813"
64,25,"P","showCreditLimit","false","<p align=""justify""><b>¿Se desea mostrar el límite de crédito del cliente al momento de realizar un pedido? </b><br> SI: Se mostrará el límite de crédito del cliente <br> NO: Se oculta el límite de crédito del cliente</p>","selectBoolean","","","",True,"I","2026-04-28 19:08:16.699813"
65,26,"P","selectOrderType","true","<p align=""justify""><b>¿Desea cambiar el tipo de los pedidos? </b><br> SI: Se habilita el campo ""tipo de pedidos"" mostrando el listado crearo deade la web <br> NO: No se habilita el campo ""tipo de pedidos""</p>","selectBoolean","","","",True,"I","2026-05-12 15:23:34.618078"
66,27,"P","orderTypeByEnterprise","false","<p align=""""justify""""><b>¿Desea seleccionar el tipo de pedido por defecto de acuerdo a la empresa?</b><br> SI: Se carga el pedido por defecto según la empresa seleccionada<BR> NO: El pedido por defecto no depende de la empresa</p>","selectBoolean","","selectOrderType","true",True,"I","2025-10-13 09:35:54.40756"
67,28,"P","quUnitDecimals","false","<p align=""justify""><b>¿Desea que los vendedores usen formato decimal para las cantidades de productos en la toma pedidos? </b><br> SI: El usuario podrá ingresar cantidad con decimales al cargar productos <br> NO: no se podrá ingresar cantidad con decimales en los productos</p>","selectBoolean","","","",True,"I","2025-10-13 09:35:54.40756"
68,29,"P","orderPedidoSeleccion","false","<p align=""justify""><b>¿Desea que se mantenga el orden  de los productos seleccionados  por  el vendedor en el módulo de pedido?</p>","selectBoolean","","","",False,"I","2025-10-13 09:35:54.40756"
69,30,"P","productMinMul","false","<p align=""justify""><b>¿Desea limitar los productos por la cantidad mínima de venta y su múltiplo? </b><br> SI: Limitar las unidades por un múltiplo, se debe generar el archivo ""PRODUCT_MIN_MUL_FAV"" <br> NO: No limitar las unidades por múltiplo</p>","selectBoolean","","","",True,"I","2026-04-29 17:18:47.901675"
70,31,"P","featuredProducts","true","<p align=""justify""><b>¿Desea utilizar una línea de producto destacado para mostrar productos de interés?</b><br> SI: Colocar el nombre de la estructura de destacados"" <BR> NO: Dejar el campo vacío</p>","selectBoolean","","","",False,"I","2025-10-13 09:35:54.40756"
71,32,"P","suggestedOrder","true","<p align=""justify""><b>¿Desea que Denario le de la posibilidad a los vendedores de cargar un pedido sugerido dada las tres ultimas facturaciones del cliente??</b><br> SI: Se mostrará un popup con la posibilidad de precargar el pedido sugerido"" <BR> NO: No se mostrara la funcionalidad de pedido sugerido</p>","selectBoolean","","","",False,"I","2025-10-13 09:35:54.40756"
72,33,"P","productValor","false","<p align=""justify""><b>¿Desea que Denario muestre las unidades de venta en los reportes de la app web??</b><br> SI: Se mostrará la columna del valor de la unidad de acuerdo al archivo PRODUCT_VALOR"" <BR> NO: No se mostrara la columna de product_valor</p>","selectBoolean","","","",False,"I","2025-10-13 09:35:54.40756"
73,34,"P","nameProductValor","kg","<p align=""justify""><b>Indique el nombre a mostrar en la columna product_valor </b><br> SI: Colocar el nombre de la columna product_valor <BR> NO: Dejar el campo vacío</p>","text","","","",True,"I","2025-10-14 11:00:12.906096"
74,35,"P","nuOrderEmail","true","<p align=""justify""><b>¿Desea ver el nro. orden en las plantillas de correo de pedidos?</b><br> SI: Se mostrará el nro. Orden en los correos<BR> NO: No se mostrara el nro. Orden</p>","selectBoolean","","","",False,"I","2025-10-13 09:35:54.40756"
75,36,"P","validateNuOrder","false","<p align=""""justify""""><b>¿Desea que el Número de orden de compra sea obligatorio al tomar pedido?</b><br> SI: El Número de orden será un campo obligatorio<BR> NO: No es obligatorio el campo de Número de orden</p>","selectBoolean","","","",True,"I","2025-10-13 09:35:54.40756"
76,1,"C","cobroPrepago","true","<p align=""justify""><b>¿Desea utilizar la opciòn de prepagos/anticipos en el modulo de cobros?</b></b><br> SI: Se habilita la funcionalidad de prepago/anticipo <br> NO: No se habilita la funcionalidad de prepago/anticipo</p></p>","selectBoolean","","","",True,"I","2025-12-01 14:58:01.896637"
77,2,"C","cobroRetencion","true","<p align=""justify""><b>¿Desea utilizar la opciòn de retención en el modulo de cobros?</b></b><br> SI: Se habilita la funcionalidad de retención <br> NO: No se habilita la funcionalidad de retención</p></p>","selectBoolean","","","",True,"I","2025-10-13 09:35:54.40756"
78,3,"C","colletionPayment","true-false-true-true-true-true","<p align=""justify""><b>¿Qué formas de pago son permitidas para los cobros y adelantos (anticipos)? </b><br> Aquí puede seleccionar las formas de pago en el módulo de cobros","selectMultiple","Efectivo,Cheque,Transferencia,Deposito,Otros,Pago Movil","","",True,"I","2026-04-28 19:28:11.319265"
79,4,"C","tolerancia0","true","<p align=""justify""><b>¿Se permiten cobros con diferencia?</b><br> SI: Se permite cobros con diferencia (positiva/negativa) <br> NO: No se permite diferencia en los cobros</p>","selectBoolean","","","",True,"I","2025-10-15 09:10:07.704889"
80,5,"C","TipoTolerancia","0","<p align=""justify""><b>¿Cómo desea manejar el rango de tolerancia? </b><br> Seleccione cómo desea manejar la tolerancia; por importe, por rango</p>","selectFormat","Importe,Porcentaje","tolerancia0","true",True,"I","2025-10-13 09:35:54.40756"
82,7,"C","MonedaTolerancia","US$","<p align=""justify""><b>Seleccione la moneda para evaluar el monto máxtimo de tolerancia </b></p>","selectText","HardCurrency,LocalCurrency","TipoTolerancia","0",True,"I","2026-05-12 13:51:32.470312"
83,8,"C","automatedPrepaid","true","<p align=""justify""><b>¿Para cobros con diferencia positiva, desea generar un documento nuevo de abono automático?</b></b><br> SI: Se generará un abono automático <br> NO: No se generan abonos automáticos</p></p>","selectBoolean","","tolerancia0","true",True,"I","2026-02-13 17:00:41.828951"
84,9,"C","prepaidRangeAmount","1","<p align=""justify""><b>Indique El monto mínimo excedido en el cobro para generar el abono automático </b><br> El número ingresado será el monto mínimo para generar el abono automático </p>","integer","1,10000","automatedPrepaid","true",True,"I","2026-03-19 14:29:28.392439"
85,10,"C","prepaidRangeCurrency","US$","<p align=""justify""><b>Seleccione la moneda para evaluar el monto mínimo excedido para generar el abono automático </b></p>","selectText","HardCurrency,LocalCurrency","automatedPrepaid","true",True,"I","2026-03-19 14:29:28.392439"
86,11,"C","prepaidPaymentMethod","pa","<p align=""justify""><b>¿Qué nomenclatura desean utilizar para el método de pago del abono automático? </b><br> Indique la nomenclatura que se mostrara, por ejemplo “pa”</p>","text","","automatedPrepaid","true",True,"I","2025-10-13 09:35:54.40756"
88,13,"C","retentionDocTypeCR","true","<p align=""justify""><b>¿Manejan documentos de retención en cobros? </b><br> SI: Se habilitará la opción de poder realizar pagos parciales <br> NO: No se habilita la opción de realizar pagos parciales</p>","selectBoolean","","retencion","true",True,"I","2025-10-14 10:59:57.888093"
89,14,"C","sizeRetention","14","<p align=""justify""><b>Indique la cantidad de dígitos de su número de comprobante de retención </b><br> Esta será la cantidad exacta de dígitos que debe colocar el usuario</p>","integer","0,50","retencion","true",True,"I","2025-10-13 09:35:54.40756"
90,15,"C","formatRetention","0","<p align=""justify""><b>¿Qué formato posee su número de comprobante de retención? </b><br> Seleccione el formato de la retención; números, letras o alfanumérico</p>","selectFormat","Numeros,Letras,Alfanumerico","retencion","true",True,"I","2025-10-13 09:35:54.40756"
91,16,"C","multiCurrencyCollection","true","<p align=""justify""><b>¿Desea que los vendedores puedan elegir la moneda de la transacción en Cobros? </b><br> SI: Se mostrará un selector con las monedas <br> NO: Solo se mostrará la moneda por defecto de la empresa</p>","selectBoolean","","","",True,"I","2025-10-13 09:35:54.40756"
92,17,"C","multiCurrencyDeposit","true","<p align=""justify""><b>¿Desea que los vendedores puedan elegir la moneda de la transacción en Depositos? </b><br> SI: Se mostrará un selector con las monedas <br> NO: Solo se mostrará la moneda por defecto de la empresa</p>","selectBoolean","","","",True,"I","2025-10-13 09:35:54.40756"
93,18,"C","clientBankAccount","false","<p align=""justify""><b>¿Desea habilitar la asociación de la cuenta del banco del cliente al momento de realizar un cobro? </b><br> SI: Debe generar el archivo ""CLIENT_BANK_ACCOUNT"" para asociar la cuenta de los clientes <br> NO: No debe generar el archivo ""CLIENT_BANK_ACCOUNT""</p>","selectBoolean","","","",False,"I","2026-02-12 13:56:12.069024"
94,19,"C","currencyBank","true","<p align=""justify""><b>¿Desea visualizar todos los bancos sin importar la moneda del cobro? </b><br> SI: Se visualizarán todos los bancos <br> NO: Solo se visualizarán los bancos que tengan la misma moneda seleccionada en el cobro </p>","selectBoolean","","","",True,"I","2026-03-19 14:29:28.392439"
95,20,"C","historicoTasa","true","<p align=""justify""><b>¿Desea que los vendedores puedan elegir la tasa de cambio anteriores a la actual? </b><br>SI: Se mostrará un selector con las tasas anteriores <br> NO: No Solo se mostrará la tasa actual</p>","selectBoolean","","","",True,"I","2026-02-20 10:49:32.364558"
96,21,"C","mesesTasa","3","<p align=""justify""><b>Indique ¿cuántos meses anteriores desea mostrar la tasa de conversión? </b><br>  Indicar la cantidad de meses a mostrar, la cantidad máxima es de seis (6)</p>","integer","1,6","historicoTasa","true",True,"I","2026-04-28 19:28:11.319265"
97,22,"C","userCanSelectIGTF","false","<p align=""justify""><b>¿Desean habilitar el IGTF en el cobro? </b><br> SI: Se mostrará el campo de ""IGTF"" en el cobro <br> NO: No se muestra el campo de ""IGTF"" en el cobro</p>","selectBoolean","","","",True,"I","2026-04-28 19:31:23.33768"
98,23,"C","igtfDefault","false","<p align=""justify""><b>¿Desean que el pago del IGTF en un documento separado sea la opciòn por defecto?</b><br> SI: Estará activado el IGTF en un documento aparte <br> NO: No estará activado el IGTF en un documento aparte</p>","selectBoolean","","userCanSelectIGTF","true",True,"I","2025-10-13 09:35:54.40756"
99,24,"C","disableCheckIGTF","false","<p align=""justify""><b>¿Desea bloquear el check de IGTF separado?</b></b><br> SI: El usuario no podrá cambiar el check de IGTF separado <br> NO: El usuario podrá cambiar el check de IGTF separado</p></p>","selectBoolean","","userCanSelectIGTF","true",True,"I","2025-10-13 09:35:54.40756"
100,25,"C","requiredComment","false","<p align=""justify""><b>¿Desea que el campo comentario sea obligatorio al hacer un cobro?</b></b><br> SI: El campo Comentario será obligatorio <br> NO: No es obligatorio escribir un comentario</p></p>","selectBoolean","","","",True,"I","2026-01-23 11:15:36.692735"
101,26,"C","validateCollectionDate","false","<p align=""""justify""""><b>¿Desea que la fecha de la tasa de conversion sea igual que la fecha del depósito y transferencia?</b><br> SI: Las fechas serán siempre iguales para cobros y anticipos<BR> NO: No se validan las fechas</p>","selectBoolean","","","",True,"I","2026-06-10 10:10:28.009282"
102,27,"C","userCanCollectIva","false","<p align=""""justify""""><b>¿Desea permitir cobro del 25% del iva a clientes identificados?</b><br> SI: habilita sub-módulo de cobros del 25%<BR> NO: No se habilita el módulo</p>","selectBoolean","","","",True,"I","2026-05-21 13:06:41.869202"
103,28,"C","historicPartialPayment","true","<p align=""""justify""""><b>¿Desea visualizar un histórico de pagos parciales por documento?</b><br> SI: podría visualizar un histórico de pago parcial por documento<BR> NO: No se visualiza el histórico</p>","selectBoolean","","","",True,"I","2025-10-13 09:35:54.40756"
107,37,"P","disableDaDispatch","true","<p align=""""justify""""><b>¿Desea que la fecha de despacho sea opcional y este deshabilitada por defecto?</b><br> SI: La fecha de despacho será opcional<BR> NO: La fecha de despacho será obligatorio en los pedidos</p>","selectBoolean","","","",True,"I","2026-02-12 17:03:39.165679"
108,6,"C","RangoToleranciaPositiva","100000","<p align=""justify""><b>Indique El monto máximo de tolerancia positiva)</b><br> El número ingresado será el monto máximo de tolerancia positiva en los Cobros</p>","float","0,100000","tolerancia0","true",True,"I","2026-03-25 17:50:08.006841"
109,6,"C","RangoToleranciaNegativa","100000","<p align=""justify""><b>Indique El monto máximo de tolerancia negativa</b><br> El número ingresado será el monto máximo de tolerancia negativa en los Cobros</p>","float","0,100000","tolerancia0","true",True,"I","2026-03-25 17:50:08.006841"
110,42,"G","rolPlanta","false","<p align=""justify""><b>¿Manejan el rol Planta?</b></b><br> SI: Podrán crear usuarios con el rol Planta y ver Dashboard de Productos vendidos <br> NO: No se habilita el rol Planta</p></p>","selectBoolean","","","",True,"I","2026-04-28 18:44:58.092791"
116,41,"G","transportRole","true","<p align=""justify""><b>¿Manejan el rol Transportista?</b></b><br> SI: Podrán crear usuarios con el rol Transportista <br> NO: No se habilita el rol Transportista</p></p>","selectBoolean","","","",True,"I","2026-03-19 13:53:02.332578"
117,43,"G","notificationsVisit","false","<p align=""justify""><b>¿Desea recibir notificaciones por correo de despachos realizados por la app móvil? </b><br> SI: Envía el correo notificación <br> NO: No se envía el correo de notificación</p>","selectBoolean","","","",True,"I","2026-06-12 13:20:01.93454"
118,40,"G","transactionHistory","true","<p align=""justify""><b>¿Desea descargar historico de transacciones? </b><br> SI: Se se descarga el histórico de transacciones <br> NO: No se descarga el histórico de transacciones</p>","selectBoolean","","","",True,"I","2026-03-19 13:53:02.332578"
119,41,"G","historyMonths","3","<p align=""justify""><b>Indique ¿cuántos meses anteriores desea tener el historial de transacciones? </b><br>  Indicar la cantidad de meses, la cantidad máxima es de tres (3)</p>","integer","1,3","transactionHistory","true",True,"I","2026-04-28 18:40:27.929288"
120,43,"G","commisionReport","false","<p align=""""justify""""><b>¿Dsean visualizar en la app web un reporte de comisiones por vendedor? </b><br> SI: Se mostrará un reporte de comisiones por vendedor<br> NO: No se mostrará reporte de comisiones</p>","selectBoolean","","","",True,"I","2026-04-28 18:44:58.092791"
121,2,"P","userCanChangePriceListProduct","false","<p align=""justify""><b>¿Pueden los vendedores cambiar las listas de precio por cada producto? </b><br> SI: Permite al usuario cambiar la lista de precio por producto <br> NO: No permite al usuario cambiar la lista de precio por producto</p>","selectBoolean","","userCanChangePriceList","true",True,"I","2025-11-30 13:46:51.116185"
122,42,"G","conversionCalculator","true","<p align=""""justify""""><b>¿Pueden los usuarios ver calculadora de conversión de precios? </b><br> SI: Se mostrará calculadora de conversión<br> NO: No se mostrará calculadora de conversión</p>","selectBoolean","","","",True,"I","2026-02-12 17:08:49.54035"
123,44,"G","imageWeightLimit","30","<p align=""justify""><b>Indique el peso máximo de las imágenes, en MB </b><br> El número ingresado será el límite máximo de MB que puede tener una imagen adjunta.</p>","integer","0,50","","",True,"I","2025-11-30 13:47:44.781232"
124,45,"G","dashboardOnlyAdmin","true","<p align=""justify""><b>¿Desea que el Dashboard web solo sea visible para el rol Administrador?</b></b><br> Si: Se mostrará el dashboard solo al rol Administrador <br> NO: El dashboard será visible para todos los roles </p></p>","selectBoolean","","","",True,"I","2026-03-19 13:53:02.332578"
125,46,"G","currencyModule","true","<p align=""justify""><b>Podrá seleccionar las monedas y conversiones a visualizar por módulo</b></b><br> Si: se aplicará la configuración <br> NO: Igual se aplicará la configuración </p></p>","selectBoolean","","","",False,"I","2025-11-30 13:48:10.604162"
126,14,"C","userCanAddRetention","false","<p align=""""justify""""><b>¿Los usuario pueden agregar retenciones libres sin factura?</b><br> SI: podrán realizar retenciones sin asociar una factura<BR> NO: Solo se podrán relizar retenciones con factura</p>","selectBoolean","","","",True,"I","2026-04-28 19:28:11.319265"
138,14,"C","enableDifferenceCodes","true","<p align=""""justify""""><b>¿Desea Seleccionar origen de diferencia en cobros?</b><br> SI: Se habilitará selector de origen de diferencia<BR> NO: No se habilitará selector de origen de diferencia</p>","selectBoolean","","","",True,"I","2026-02-13 17:00:41.828951"
139,46,"G","addressByUser","true","<p align=""""justify""""><b>¿Desea asignar las sucursales de los clientes a los vendedores?</b><br> SI: Se debe enviar en el archivo CLIENT_TEMPLATE_USER el código de las sucursalas<BR> NO: Los usuarios estarán asignados a los clientes y a todas sus sucursales </p>","selectBoolean","","","",True,"I","2026-04-28 18:44:58.092791"
148,47,"G","vatExemptProducts","false","<p align=""""justify""""><b>¿Desea asignar el IVA por producto?</b><br> SI: Se debe enviar en el archivo product el monto de los impuestos<BR> NO: se usará la configuracion web </p>","selectBoolean","","","",True,"I","2026-06-10 03:30:52.151502"
232,30,"C","userCanSelectCollectDiscount","false","<p align=""justify""><b>¿Desea habilitar descuentos en cobros?</b></b><br> SI: Se podrá seleccionar uno o mas descuentos en cobros <br> NO: No se podrá seleccionar descuentos en cobros </p></p>","selectBoolean","","","",True,"I","2026-04-28 19:31:23.33768"
233,31,"C","reconciliation","false","<p align=""justify""><b>¿Desea habilitar conciliaciones bancarias en cobros?</b></b><br> SI: Se podrá subir un archivo para hacer conciliaciones bancarias automáticas <br> NO: No se podrá realizar conciliaciones bancarias automáticas en cobros </p></p>","selectBoolean","","","",True,"I","2026-03-29 11:45:39.618558"
234,48,"C","showExchangeRateSelector","false","<p align=""""justify""""><b>¿Desea visualizar la tasa paralela en reporte de cobros?</b><br> SI: Se mostrará un selector en Reporte de Cobros para cambiar la tasa<BR> NO: no se mostrará selector.</p>","selectBoolean","","","",True,"I","2026-02-20 09:11:06.865394"
235,47,"G","cloudAttachments","false","<p align=""justify""><b>¿Desea almacenar los archivos adjuntos en la nube?</b></b><br> SI: Se almacenarán los adjuntos en la nube <br> NO: se almacenarán los adjuntos en el servidor local </p></p>","selectBoolean","","","",False,"I","2026-02-20 09:11:06.865394"
238,39,"G","showWarehouseDetails","false","<p align=""""justify""""><b>¿Desea ver columna de almacen al ver los detalles de pedido/facturas?</b><br> SI: Se mostrará columna de almacen<BR> NO: No se mostrará columna de almacen</p>","selectBoolean","","","",True,"I","2026-03-19 13:53:02.332578"
239,40,"P","displayProductPoints","false","<p align=""""justify""""><b>¿Desea ver cantidad de puntos por producto?</b><br> SI: Se mostrarán puntos<BR> NO: No se mostrarán puntos</p>","selectBoolean","","","",True,"I","2026-02-20 09:11:06.865394"
240,41,"P","hideStock0","true","<p align=""""justify""""><b>¿Desea ocultar productos que no tienen stock?</b><br> SI: Se ocultarán  productos que no tienen stock<BR> NO: Se mostrarán productos que no tienen stock</p>","selectBoolean","","stock0","false",True,"I","2026-03-19 16:19:02.604015"
262,48,"G","customEmailFooterOrder","true","<p align=""""justify""""><b>¿Desea Usar un pie de pagina personalizado en los correos de pedido?</b><br> SI: Se usará pie de pagina personalizado<BR> NO: No se usará pie de pagina personalizado</p>","selectBoolean","","notificationsOrder","true",True,"I","2026-03-19 13:53:02.332578"
263,49,"G","customEmailFooterOrderText","Central Foods J412786490","<p align=""""justify""""><b>Indique el pie de pagina a usar en pedidos</b><br> SI: Coloque pie de pagina<BR> NO: Dejar el campo vacio</p>","text","","customEmailFooterOrder","true",True,"I","2026-04-28 18:53:49.112425"
264,50,"G","customEmailFooterCollection","false","<p align=""""justify""""><b>¿Desea Usar un pie de pagina personalizado en los correos de cobros?</b><br> SI: Se usará pie de pagina personalizado<BR> NO: No se usará pie de pagina personalizado</p>","selectBoolean","","notificationsCollection","true",True,"I","2026-04-28 18:53:49.112425"
265,51,"G","customEmailFooterCollectionText","","<p align=""""justify""""><b>Indique el pie de pagina a usar en cobros</b><br> SI: Coloque pie de pagina<BR> NO: Dejar el campo vacio</p>","text","","customEmailFooterCollection","true",True,"I","2026-03-04 11:51:27.31158"
266,52,"G","customEmailFooterVisit","false","<p align=""""justify""""><b>¿Desea Usar un pie de pagina personalizado en los correos de despachos?</b><br> SI: Se usará pie de pagina personalizado<BR> NO: No se usará pie de pagina personalizado</p>","selectBoolean","","notificationsVisit","true",True,"I","2026-04-28 18:53:49.112425"
267,53,"G","customEmailFooterVisitText","","<p align=""""justify""""><b>Indique el pie de pagina a usar en despachos</b><br> SI: Coloque pie de pagina<BR> NO: Dejar el campo vacio</p>","text","","customEmailFooterVisit","true",True,"I","2026-03-04 11:51:27.31158"
268,54,"G","customEmailFooterReturn","false","<p align=""""justify""""><b>¿Desea Usar un pie de pagina personalizado en los correos de devoluciones?</b><br> SI: Se usará pie de pagina personalizado<BR> NO: No se usará pie de pagina personalizado</p>","selectBoolean","","notificationsReturn","true",True,"I","2026-04-28 18:53:49.112425"
269,55,"G","customEmailFooterReturnText","","<p align=""""justify""""><b>Indique el pie de pagina a usar en  existencia de productos</b><br> SI: Coloque pie de pagina<BR> NO: Dejar el campo vacio</p>","text","","customEmailFooterReturn","true",True,"I","2026-03-04 11:51:27.31158"
270,56,"G","customEmailFooterStock","false","<p align=""""justify""""><b>¿Desea Usar un pie de pagina personalizado en los correos de  existencia de productos?</b><br> SI: Se usará pie de pagina personalizado<BR> NO: No se usará pie de pagina personalizado</p>","selectBoolean","","notificationsClientStock","true",True,"I","2026-04-28 18:53:49.112425"
271,57,"G","customEmailFooterStockText","","<p align=""""justify""""><b>Indique el pie de pagina a usar en inventario</b><br> SI: Coloque pie de pagina<BR> NO: Dejar el campo vacio</p>","text","","customEmailFooterStock","true",True,"I","2026-03-04 11:51:27.31158"
272,58,"G","customEmailFooterPotClient","false","<p align=""""justify""""><b>¿Desea Usar un pie de pagina personalizado en los correos de clientes potenciales?</b><br> SI: Se usará pie de pagina personalizado<BR> NO: No se usará pie de pagina personalizado</p>","selectBoolean","","notificationsPotentialClient","true",True,"I","2026-04-28 18:53:49.112425"
273,59,"G","customEmailFooterPotClientText","","<p align=""""justify""""><b>Indique el pie de pagina a usar en clientes potenciales</b><br> SI: Coloque pie de pagina<BR> NO: Dejar el campo vacio</p>","text","","customEmailFooterPotClient","true",True,"I","2026-03-04 11:51:27.31158"
274,60,"G","customEmailFooterDeposit","false","<p align=""""justify""""><b>¿Desea Usar un pie de pagina personalizado en los correos de depositos?</b><br> SI: Se usará pie de pagina personalizado<BR> NO: No se usará pie de pagina personalizado</p>","selectBoolean","","notificationsDeposit","true",True,"I","2026-04-28 18:53:49.112425"
275,61,"G","customEmailFooterDepositText","","<p align=""""justify""""><b>Indique el pie de pagina a usar en depositos</b><br> SI: Coloque pie de pagina<BR> NO: Dejar el campo vacio</p>","text","","customEmailFooterDeposit","true",True,"I","2026-03-04 11:51:27.31158"
276,62,"G","showWarehouseNotification","false","<p align=""""justify""""><b>¿Desea mostrar el almacén en los correos de pedidos?</b><br> SI: Se mostrará almacén<BR> NO: No se mostrará almacén</p>","selectBoolean","","notificationsOrder","true",True,"I","2026-06-12 13:20:01.93454"
277,63,"G","showPriceListNotification","false","<p align=""""justify""""><b>¿Desea mostrar la lista de precio en los correos de pedidos?</b><br> SI: Se mostrará lista de precio<BR> NO: No se mostrará lista de precio</p>","selectBoolean","","notificationsOrder","true",True,"I","2026-06-12 13:20:01.93454"
278,62,"G","notificationsClientOrder","false","<p align=""""justify""""><b>¿Desea enviar correos de Pedidos a los clientes?</b><br> SI: Se enviarán correos a los clientes<BR> NO: No se enviarán correos a los clientes</p>","selectBoolean","","notificationsOrder","true",True,"I","2026-06-12 13:20:01.93454"
279,63,"G","notificationsClientCollection","false","<p align=""""justify""""><b>¿Desea enviar correos de Cobros a los clientes?</b><br> SI: Se enviarán correos a los clientes<BR> NO: No se enviarán correos a los clientes</p>","selectBoolean","","notificationsCollection","true",True,"I","2026-06-12 13:20:01.93454"
280,64,"G","notificationsClientDeposit","false","<p align=""""justify""""><b>¿Desea enviar correos de Depositos a los clientes?</b><br> SI: Se enviarán correos a los clientes<BR> NO: No se enviarán correos a los clientes</p>","selectBoolean","","notificationsDeposit","true",True,"I","2026-06-12 13:20:01.93454"
281,65,"G","notificationsClientVisit","false","<p align=""""justify""""><b>¿Desea enviar correos de Visitas a los clientes?</b><br> SI: Se enviarán correos a los clientes<BR> NO: No se enviarán correos a los clientes</p>","selectBoolean","","notificationsVisit","true",True,"I","2026-06-12 13:20:01.93454"
282,66,"G","notificationsClientReturn","false","<p align=""""justify""""><b>¿Desea enviar correos de Devoluciones a los clientes?</b><br> SI: Se enviarán correos a los clientes<BR> NO: No se enviarán correos a los clientes</p>","selectBoolean","","notificationsReturn","true",True,"I","2026-06-12 13:20:01.93454"
283,49,"C","canChangeRate","true","< align=""justify""><b>¿Desea permitir cambiar la fecha de la tasa?</b><br> SI: Se permite cambiar la fecha de la tasa <br> NO: No se permite cambiar la fecha de la tasa</p>","selectBoolean","","","",True,"I","2026-05-12 14:53:12.408192"
284,50,"C","enablePartialPayment","true","<p align=""justify""><b>¿Desea habilitar el selector de pago parcial?</b></b><br> SI: Se permite pago parcial <br> NO: No se permite pago parcial</p></p>","selectBoolean","","","",True,"I","2026-03-04 11:52:45.828156"
285,51,"C","alwaysPartialPayment","false","<p align=""justify""><b>¿Desea activar siempre la opción pago parcial?</b></b><br> SI: Estara siempre activada la opción pago parcial<br>NO: Estara desactivada la opción pago parcial</p></p>","selectBoolean","","","",False,"I","2026-03-04 11:52:45.828156"
286,52,"C","missingRetention","false","<p align=""justify""><b>¿Desea habilitar el selector de falta retención?</b></b><br> SI: Se activa opcion Falta retención <br> NO: No se activa opcion Falta retención</p></p>","selectBoolean","","","",False,"I","2026-03-04 11:52:45.828156"
288,3,"C","retencion","true","<p align=""justify""><b>¿Realizan retenciones de impuestos en el modulo de cobros? </b><br> SI: Se habilita la opción de retenciones en cobros <br> NO: No se habilita la opción de retenciones en cobros</p>","selectBoolean","","","",True,"I","2026-03-19 14:17:08.856893"
299,46,"G","quFileAttach","1","<p align=""""justify""""><b>Cantidad maxima de archivos adjuntos (PDF, WORD, EXCEL). Esto no afecta la cantidad de imagenes.</p>","integer","1,5","","",False,"I","2026-04-13 12:02:30.805337"
300,54,"C","requiredCollectionAttachments","true","<p align=""justify""><b>¿El adjunto es obligatorio para enviar el cobro?</b><br> SI: Se requiere al menos un adjunto <br> NO: No se requiere adjunto</p>","selectBoolean","","","",True,"I","2026-04-28 19:31:23.33768"
301,48,"P","setProductDiscount","true","<p align=""justify""><b>¿Desea ingresar un descuento de producto?</b><br> SI: Se habilita campo para colocar el descuento del producto <br> NO: No se habilita campo</p>","selectBoolean","","userCanSelectProductDiscount","false",True,"I","2026-04-28 19:12:57.000617"
302,49,"P","setMaxProductDiscount","5","<p align=""justify""><b>Indique el porcentaje de descuento máximo:</b><br></p>","integer","0,100","setProductDiscount","true",True,"I","2026-05-05 15:51:10.209869"
303,43,"P","priceListInfoModal","false","<p align=""""justify""""><b>¿Desea mostrar un modal con la información de listas de precios?</b><br> SI: Se mostrará un boton de información  de listas de precios en la seleccion de productos.<BR> NO: No se mostrará boton de información</p>","selectBoolean","","","",True,"I","2026-05-05 15:49:00.785828"
304,611,"G","productsOrderBy","na_product","<p align=""justify""><b>¿Qué campo desea usar para ordenar la lista de productos? </b><br> ""co_product"" para ordenar los productos por código <br> ""na_product"" para ordenar los productos por nombre <br> ""nu_priority"" para ordenar los productos por prioridad</p>","selectText","co_product,na_product,nu_priority","","",True,"I","2026-04-29 17:18:47.901675"
306,55,"C","enabledManualRate","false","<p align=""justify""><b>¿Desea colocar el valor de la tasa manualmente?</b></b><br> SI: Se permite ingresar valor de la tasa<br> NO: No se permite ingresar valor de la tasa</p>","selectBoolean","","","",True,"I","2026-04-29 17:18:47.901675"
309,53,"C","alwaysRetention","false","<p align=""justify""><b>¿Desea activar siempre la falta retención?</b></b><br> SI: Se activa siempre falta retención <br> NO: No se activa siempre falta retención</p></p>","selectBoolean","","","",True,"I","2026-04-29 17:19:00.578753"
310,49,"G","hideProductWarehouse","false","<p align=""""justify""""><b>¿Desea ocultar apartado de almacenes y stock en modulo de productos?</b><br> SI: Se ocultarán almacenes y stock<BR> NO: Se mostrarán almacenes y stock</p>","selectBoolean","","","",True,"I","2026-05-05 15:24:54.879367"
311,630,"C","streetDay","false","<p align=""justify""><b>¿Desea observar los Días de calle de la factura en el reporte de Cobros?</b><br> SI: Se visualizara los dias de calle <br> NO: No se visualizaran los dias de calle/p></p>","selectBoolean","","","",True,"I","2026-05-05 15:24:54.879367"
312,48,"G","transactionCoordinateRadius","50","<p align=""justify""><b>Distancia Maxima (en Metros) entre la coordenada de la transaccion y la de la sucursal. Distancias mayores seran marcadas como fuera de rango en reportes.</b></b><br> </p></p>","integer","50,500","","",True,"I","2026-05-05 15:24:54.879367"
313,44,"P","unitByPriceList","false","<p align=""""justify""""><b>¿Desea seleccionar las Unidades segun Lista de Precio?</b><br> SI: Debe asociar Listas de precio y unidades en la Web<BR> NO: No es necesario asociar listas de precio y unidades</p>","selectBoolean","","","",False,"I","2026-06-09 21:15:15.315129"
314,42,"P","suggestedOrderByDispatchAndReturn","false","<p align=""""justify""""><b>¿Desea que se tomen en cuenta las Devoluciones y Facturaciones para el pedido sugerido?</b><br> SI: Se tomarán en cuenta Devoluciones y Facturaciones<BR> NO: No se tomarán en cuenta Devoluciones y Facturaciones</p>","selectBoolean","","suggestedOrder","true",False,"I","2026-06-09 21:15:15.315129"
